Дата,"Середня витрата, м³/с"
2003-01-01,0.490
2003-01-02,0.420
2003-01-03,0.470
2003-01-04,0.470
2003-01-05,0.510
2003-01-06,0.540
2003-01-07,0.610
2003-01-08,0.600
2003-01-09,0.495
2003-01-10,0.400
2003-01-11,0.400
2003-01-12,0.390
2003-01-13,0.390
2003-01-14,0.380
2003-01-15,0.380
2003-01-16,0.380
2003-01-17,0.345
2003-01-18,0.310
2003-01-19,0.310
2003-01-20,0.310
2003-01-21,0.310
2003-01-22,0.310
2003-01-23,0.310
2003-01-24,0.345
2003-01-25,0.380
2003-01-26,0.380
2003-01-27,0.380
2003-01-28,0.370
2003-01-29,0.370
2003-01-30,0.370
2003-01-31,0.370
2003-02-01,0.360
2003-02-02,0.350
2003-02-03,0.315
2003-02-04,0.280
2003-02-05,0.280
2003-02-06,0.270
2003-02-07,0.270
2003-02-08,0.250
2003-02-09,0.230
2003-02-10,0.230
2003-02-11,0.230
2003-02-12,0.230
2003-02-13,0.230
2003-02-14,0.230
2003-02-15,0.230
2003-02-16,0.230
2003-02-17,0.220
2003-02-18,0.220
2003-02-19,0.220
2003-02-20,0.220
2003-02-21,0.220
2003-02-22,0.210
2003-02-23,0.200
2003-02-24,0.200
2003-02-25,0.200
2003-02-26,0.200
2003-02-27,0.200
2003-02-28,0.200
2003-03-01,0.210
2003-03-02,0.210
2003-03-03,0.210
2003-03-04,0.200
2003-03-05,0.230
2003-03-06,0.230
2003-03-07,0.230
2003-03-08,0.230
2003-03-09,0.230
2003-03-10,0.230
2003-03-11,0.230
2003-03-12,0.230
2003-03-13,0.260
2003-03-14,0.230
2003-03-15,0.230
2003-03-16,0.230
2003-03-17,0.555
2003-03-18,0.950
2003-03-19,1.200
2003-03-20,1.580
2003-03-21,1.495
2003-03-22,1.410
2003-03-23,1.410
2003-03-24,1.410
2003-03-25,1.410
2003-03-26,1.410
2003-03-27,1.950
2003-03-28,3.600
2003-03-29,4.270
2003-03-30,4.690
2003-03-31,8.220
2003-04-01,7.640
2003-04-02,3.500
2003-04-03,4.650
2003-04-04,5.800
2003-04-05,5.010
2003-04-06,3.860
2003-04-07,3.680
2003-04-08,2.820
2003-04-09,2.820
2003-04-10,2.820
2003-04-11,3.160
2003-04-12,3.500
2003-04-13,5.800
2003-04-14,6.210
2003-04-15,6.620
2003-04-16,6.620
2003-04-17,5.420
2003-04-18,4.220
2003-04-19,4.410
2003-04-20,4.600
2003-04-21,4.600
2003-04-22,4.600
2003-04-23,4.220
2003-04-24,4.810
2003-04-25,6.840
2003-04-26,6.620
2003-04-27,6.620
2003-04-28,6.620
2003-04-29,6.010
2003-04-30,4.410
2003-05-01,4.220
2003-05-02,3.860
2003-05-03,3.500
2003-05-04,3.330
2003-05-05,2.655
2003-05-06,2.150
2003-05-07,1.985
2003-05-08,1.820
2003-05-09,1.820
2003-05-10,1.750
2003-05-11,1.680
2003-05-12,3.330
2003-05-13,2.655
2003-05-14,1.680
2003-05-15,5.970
2003-05-16,7.170
2003-05-17,3.185
2003-05-18,2.150
2003-05-19,1.985
2003-05-20,1.820
2003-05-21,1.820
2003-05-22,1.750
2003-05-23,1.680
2003-05-24,1.680
2003-05-25,2.150
2003-05-26,1.985
2003-05-27,1.750
2003-05-28,1.750
2003-05-29,2.480
2003-05-30,2.150
2003-05-31,1.540
2003-06-01,1.985
2003-06-02,1.820
2003-06-03,1.680
2003-06-04,1.540
2003-06-05,1.540
2003-06-06,1.220
2003-06-07,1.040
2003-06-08,0.870
2003-06-09,1.065
2003-06-10,1.400
2003-06-11,1.150
2003-06-12,0.955
2003-06-13,0.870
2003-06-14,0.870
2003-06-15,0.870
2003-06-16,0.955
2003-06-17,0.995
2003-06-18,0.870
2003-06-19,0.955
2003-06-20,1.040
2003-06-21,0.955
2003-06-22,0.825
2003-06-23,0.780
2003-06-24,0.780
2003-06-25,0.780
2003-06-26,0.955
2003-06-27,0.870
2003-06-28,0.825
2003-06-29,0.710
2003-06-30,0.640
2003-07-01,0.640
2003-07-02,0.640
2003-07-03,0.615
2003-07-04,0.590
2003-07-05,0.730
2003-07-06,1.065
2003-07-07,1.040
2003-07-08,1.040
2003-07-09,1.040
2003-07-10,1.040
2003-07-11,1.930
2003-07-12,2.650
2003-07-13,3.185
2003-07-14,31.750
2003-07-15,35.400
2003-07-16,11.010
2003-07-17,7.300
2003-07-18,5.450
2003-07-19,3.955
2003-07-20,3.270
2003-07-21,3.270
2003-07-22,3.270
2003-07-23,4.720
2003-07-24,7.085
2003-07-25,3.610
2003-07-26,3.780
2003-07-27,4.125
2003-07-28,2.800
2003-07-29,2.500
2003-07-30,2.350
2003-07-31,31.950
2003-08-01,13.090
2003-08-02,7.395
2003-08-03,3.610
2003-08-04,2.810
2003-08-05,2.130
2003-08-06,1.820
2003-08-07,1.580
2003-08-08,1.380
2003-08-09,1.280
2003-08-10,1.230
2003-08-11,1.230
2003-08-12,1.180
2003-08-13,1.040
2003-08-14,1.040
2003-08-15,1.040
2003-08-16,1.040
2003-08-17,0.995
2003-08-18,0.950
2003-08-19,0.950
2003-08-20,0.950
2003-08-21,0.950
2003-08-22,1.000
2003-08-23,0.945
2003-08-24,0.890
2003-08-25,0.870
2003-08-26,0.850
2003-08-27,0.850
2003-08-28,0.850
2003-08-29,0.850
2003-08-30,0.850
2003-08-31,0.850
2003-09-01,1.680
2003-09-02,1.230
2003-09-03,1.135
2003-09-04,1.040
2003-09-05,1.130
2003-09-06,1.040
2003-09-07,0.950
2003-09-08,0.950
2003-09-09,0.950
2003-09-10,0.920
2003-09-11,0.890
2003-09-12,0.890
2003-09-13,0.890
2003-09-14,0.890
2003-09-15,0.890
2003-09-16,0.890
2003-09-17,0.890
2003-09-18,0.890
2003-09-19,0.890
2003-09-20,0.890
2003-09-21,0.890
2003-09-22,0.745
2003-09-23,0.920
2003-09-24,0.710
2003-09-25,0.765
2003-09-26,0.765
2003-09-27,0.710
2003-09-28,0.710
2003-09-29,0.710
2003-09-30,0.710
2003-10-01,0.710
2003-10-02,0.710
2003-10-03,0.710
2003-10-04,1.510
2003-10-05,1.540
2003-10-06,0.950
2003-10-07,0.950
2003-10-08,0.995
2003-10-09,1.505
2003-10-10,1.330
2003-10-11,1.180
2003-10-12,1.130
2003-10-13,1.040
2003-10-14,0.950
2003-10-15,0.920
2003-10-16,0.890
2003-10-17,0.890
2003-10-18,0.870
2003-10-19,0.850
2003-10-20,0.850
2003-10-21,0.850
2003-10-22,0.850
2003-10-23,0.950
2003-10-24,0.950
2003-10-25,0.950
2003-10-26,1.040
2003-10-27,1.130
2003-10-28,0.890
2003-10-29,0.775
2003-10-30,1.085
2003-10-31,1.315
2003-11-01,1.500
2003-11-02,1.465
2003-11-03,1.330
2003-11-04,1.135
2003-11-05,1.085
2003-11-06,1.910
2003-11-07,2.350
2003-11-08,2.240
2003-11-09,1.780
2003-11-10,0.995
2003-11-11,0.950
2003-11-12,0.855
2003-11-13,0.650
2003-11-14,0.650
2003-11-15,0.650
2003-11-16,0.650
2003-11-17,0.960
2003-11-18,1.090
2003-11-19,1.020
2003-11-20,0.950
2003-11-21,0.920
2003-11-22,0.890
2003-11-23,0.890
2003-11-24,0.890
2003-11-25,0.890
2003-11-26,0.890
2003-11-27,0.855
2003-11-28,0.820
2003-11-29,0.820
2003-11-30,0.820
2003-12-01,0.820
2003-12-02,0.790
2003-12-03,0.790
2003-12-04,0.620
2003-12-05,0.620
2003-12-06,0.610
2003-12-07,0.580
2003-12-08,0.610
2003-12-09,0.650
2003-12-10,0.650
2003-12-11,0.650
2003-12-12,0.720
2003-12-13,0.800
2003-12-14,0.770
2003-12-15,0.740
2003-12-16,0.740
2003-12-17,0.710
2003-12-18,0.680
2003-12-19,0.680
2003-12-20,0.680
2003-12-21,0.680
2003-12-22,0.700
2003-12-23,0.700
2003-12-24,0.700
2003-12-25,0.700
2003-12-26,0.680
2003-12-27,0.680
2003-12-28,0.680
2003-12-29,0.680
2003-12-30,0.680
2003-12-31,0.680
2004-01-01,0.680
2004-01-02,0.680
2004-01-03,0.700
2004-01-04,0.690
2004-01-05,0.680
2004-01-06,0.670
2004-01-07,0.660
2004-01-08,0.660
2004-01-09,0.645
2004-01-10,0.620
2004-01-11,0.620
2004-01-12,0.620
2004-01-13,0.610
2004-01-14,0.610
2004-01-15,0.600
2004-01-16,0.600
2004-01-17,0.590
2004-01-18,0.590
2004-01-19,0.580
2004-01-20,0.580
2004-01-21,0.580
2004-01-22,0.580
2004-01-23,0.580
2004-01-24,0.580
2004-01-25,0.580
2004-01-26,0.580
2004-01-27,0.580
2004-01-28,0.580
2004-01-29,0.580
2004-01-30,0.580
2004-01-31,0.580
2004-02-01,0.580
2004-02-02,0.590
2004-02-03,0.590
2004-02-04,0.610
2004-02-05,0.765
2004-02-06,5.385
2004-02-07,7.525
2004-02-08,5.500
2004-02-09,3.450
2004-02-10,2.540
2004-02-11,2.130
2004-02-12,1.480
2004-02-13,1.140
2004-02-14,1.155
2004-02-15,1.240
2004-02-16,1.000
2004-02-17,0.880
2004-02-18,0.880
2004-02-19,0.880
2004-02-20,0.880
2004-02-21,0.785
2004-02-22,0.895
2004-02-23,1.000
2004-02-24,1.190
2004-02-25,1.200
2004-02-26,1.135
2004-02-27,0.960
2004-02-28,0.840
2004-02-29,0.810
2004-03-01,0.810
2004-03-02,0.775
2004-03-03,0.740
2004-03-04,0.740
2004-03-05,0.680
2004-03-06,0.680
2004-03-07,0.790
2004-03-08,0.920
2004-03-09,0.930
2004-03-10,0.860
2004-03-11,0.780
2004-03-12,0.790
2004-03-13,0.790
2004-03-14,0.810
2004-03-15,0.855
2004-03-16,0.990
2004-03-17,1.135
2004-03-18,4.310
2004-03-19,6.875
2004-03-20,7.520
2004-03-21,7.050
2004-03-22,5.500
2004-03-23,3.950
2004-03-24,3.110
2004-03-25,2.950
2004-03-26,2.540
2004-03-27,2.130
2004-03-28,1.855
2004-03-29,1.580
2004-03-30,1.455
2004-03-31,1.330
2004-04-01,1.280
2004-04-02,1.230
2004-04-03,1.180
2004-04-04,1.130
2004-04-05,1.130
2004-04-06,1.130
2004-04-07,1.130
2004-04-08,1.130
2004-04-09,1.130
2004-04-10,1.130
2004-04-11,1.130
2004-04-12,1.280
2004-04-13,1.430
2004-04-14,1.670
2004-04-15,1.820
2004-04-16,1.655
2004-04-17,1.505
2004-04-18,1.430
2004-04-19,1.380
2004-04-20,1.330
2004-04-21,1.280
2004-04-22,1.180
2004-04-23,1.130
2004-04-24,1.130
2004-04-25,1.110
2004-04-26,1.090
2004-04-27,1.090
2004-04-28,1.065
2004-04-29,1.040
2004-04-30,1.020
2004-05-01,1.000
2004-05-02,0.975
2004-05-03,0.950
2004-05-04,0.950
2004-05-05,1.090
2004-05-06,1.230
2004-05-07,1.230
2004-05-08,1.185
2004-05-09,1.040
2004-05-10,0.980
2004-05-11,0.920
2004-05-12,0.950
2004-05-13,0.950
2004-05-14,2.325
2004-05-15,3.280
2004-05-16,1.855
2004-05-17,1.800
2004-05-18,1.800
2004-05-19,1.800
2004-05-20,1.615
2004-05-21,1.380
2004-05-22,1.330
2004-05-23,1.580
2004-05-24,1.730
2004-05-25,1.430
2004-05-26,1.230
2004-05-27,1.130
2004-05-28,1.180
2004-05-29,1.230
2004-05-30,1.130
2004-05-31,1.130
2004-06-01,0.995
2004-06-02,0.950
2004-06-03,0.950
2004-06-04,0.920
2004-06-05,0.890
2004-06-06,0.890
2004-06-07,0.870
2004-06-08,0.850
2004-06-09,0.905
2004-06-10,0.855
2004-06-11,0.820
2004-06-12,0.850
2004-06-13,1.600
2004-06-14,0.995
2004-06-15,0.920
2004-06-16,0.890
2004-06-17,0.835
2004-06-18,0.835
2004-06-19,0.850
2004-06-20,0.835
2004-06-21,0.820
2004-06-22,0.820
2004-06-23,0.805
2004-06-24,0.760
2004-06-25,0.995
2004-06-26,1.130
2004-06-27,1.040
2004-06-28,0.885
2004-06-29,0.790
2004-06-30,0.760
2004-07-01,0.760
2004-07-02,0.760
2004-07-03,0.760
2004-07-04,0.745
2004-07-05,0.730
2004-07-06,0.730
2004-07-07,0.850
2004-07-08,0.850
2004-07-09,0.790
2004-07-10,0.930
2004-07-11,1.455
2004-07-12,1.280
2004-07-13,1.230
2004-07-14,1.135
2004-07-15,0.995
2004-07-16,0.825
2004-07-17,0.760
2004-07-18,0.760
2004-07-19,0.805
2004-07-20,0.900
2004-07-21,0.965
2004-07-22,0.855
2004-07-23,0.820
2004-07-24,1.135
2004-07-25,1.135
2004-07-26,1.090
2004-07-27,9.195
2004-07-28,9.420
2004-07-29,3.040
2004-07-30,2.390
2004-07-31,6.665
2004-08-01,13.290
2004-08-02,3.950
2004-08-03,3.040
2004-08-04,3.390
2004-08-05,3.500
2004-08-06,3.150
2004-08-07,5.010
2004-08-08,3.780
2004-08-09,3.440
2004-08-10,7.575
2004-08-11,11.930
2004-08-12,5.290
2004-08-13,3.100
2004-08-14,3.100
2004-08-15,2.340
2004-08-16,1.405
2004-08-17,1.230
2004-08-18,1.180
2004-08-19,1.085
2004-08-20,1.040
2004-08-21,1.040
2004-08-22,1.230
2004-08-23,1.135
2004-08-24,0.965
2004-08-25,0.890
2004-08-26,0.890
2004-08-27,1.040
2004-08-28,1.020
2004-08-29,0.975
2004-08-30,1.040
2004-08-31,4.955
2004-09-01,7.085
2004-09-02,3.875
2004-09-03,1.455
2004-09-04,1.185
2004-09-05,0.995
2004-09-06,0.950
2004-09-07,0.950
2004-09-08,1.265
2004-09-09,1.505
2004-09-10,1.430
2004-09-11,1.160
2004-09-12,0.890
2004-09-13,0.855
2004-09-14,0.820
2004-09-15,0.820
2004-09-16,0.885
2004-09-17,0.920
2004-09-18,0.840
2004-09-19,0.775
2004-09-20,0.760
2004-09-21,0.760
2004-09-22,0.855
2004-09-23,0.855
2004-09-24,0.950
2004-09-25,5.635
2004-09-26,5.500
2004-09-27,2.980
2004-09-28,1.965
2004-09-29,1.540
2004-09-30,1.465
2004-10-01,1.505
2004-10-02,1.430
2004-10-03,1.280
2004-10-04,0.920
2004-10-05,0.890
2004-10-06,0.890
2004-10-07,0.855
2004-10-08,0.820
2004-10-09,0.820
2004-10-10,0.885
2004-10-11,2.130
2004-10-12,1.930
2004-10-13,1.580
2004-10-14,1.230
2004-10-15,1.040
2004-10-16,0.920
2004-10-17,0.965
2004-10-18,0.995
2004-10-19,0.920
2004-10-20,0.890
2004-10-21,0.890
2004-10-22,0.905
2004-10-23,0.890
2004-10-24,0.855
2004-10-25,0.820
2004-10-26,0.805
2004-10-27,0.790
2004-10-28,0.775
2004-10-29,0.760
2004-10-30,0.745
2004-10-31,0.730
2004-11-01,0.730
2004-11-02,0.720
2004-11-03,0.760
2004-11-04,0.730
2004-11-05,0.730
2004-11-06,0.730
2004-11-07,0.745
2004-11-08,0.870
2004-11-09,0.890
2004-11-10,0.835
2004-11-11,0.820
2004-11-12,0.835
2004-11-13,0.920
2004-11-14,1.130
2004-11-15,1.110
2004-11-16,1.110
2004-11-17,1.130
2004-11-18,1.110
2004-11-19,1.110
2004-11-20,1.780
2004-11-21,1.320
2004-11-22,1.230
2004-11-23,1.170
2004-11-24,1.170
2004-11-25,0.845
2004-11-26,0.825
2004-11-27,0.880
2004-11-28,0.830
2004-11-29,0.785
2004-11-30,0.820
2004-12-01,0.860
2004-12-02,3.625
2004-12-03,5.750
2004-12-04,4.350
2004-12-05,2.650
2004-12-06,2.040
2004-12-07,1.530
2004-12-08,1.330
2004-12-09,1.280
2004-12-10,1.180
2004-12-11,1.130
2004-12-12,0.880
2004-12-13,0.710
2004-12-14,0.630
2004-12-15,0.560
2004-12-16,0.550
2004-12-17,0.630
2004-12-18,0.730
2004-12-19,0.705
2004-12-20,0.680
2004-12-21,0.635
2004-12-22,0.570
2004-12-23,0.550
2004-12-24,0.550
2004-12-25,0.530
2004-12-26,0.500
2004-12-27,0.490
2004-12-28,0.605
2004-12-29,0.690
2004-12-30,0.660
2004-12-31,0.565
2005-01-01,0.465
2005-01-02,0.430
2005-01-03,0.440
2005-01-04,0.455
2005-01-05,0.450
2005-01-06,0.450
2005-01-07,0.450
2005-01-08,0.440
2005-01-09,0.420
2005-01-10,0.400
2005-01-11,0.360
2005-01-12,0.360
2005-01-13,0.370
2005-01-14,0.360
2005-01-15,0.355
2005-01-16,0.350
2005-01-17,0.350
2005-01-18,0.440
2005-01-19,0.530
2005-01-20,0.480
2005-01-21,0.420
2005-01-22,0.405
2005-01-23,0.400
2005-01-24,0.380
2005-01-25,0.360
2005-01-26,0.360
2005-01-27,0.430
2005-01-28,2.197
2005-01-29,0.440
2005-01-30,0.440
2005-01-31,0.430
2005-02-01,0.420
2005-02-02,0.420
2005-02-03,0.420
2005-02-04,0.420
2005-02-05,0.410
2005-02-06,0.400
2005-02-07,0.400
2005-02-08,0.400
2005-02-09,0.400
2005-02-10,0.400
2005-02-11,0.400
2005-02-12,0.400
2005-02-13,0.495
2005-02-14,0.600
2005-02-15,0.560
2005-02-16,0.560
2005-02-17,0.560
2005-02-18,0.530
2005-02-19,0.500
2005-02-20,0.500
2005-02-21,0.500
2005-02-22,0.500
2005-02-23,0.500
2005-02-24,0.500
2005-02-25,0.500
2005-02-26,0.520
2005-02-27,0.530
2005-02-28,0.500
2005-03-01,0.495
2005-03-02,0.440
2005-03-03,0.420
2005-03-04,0.405
2005-03-05,0.390
2005-03-06,0.390
2005-03-07,0.390
2005-03-08,0.390
2005-03-09,0.390
2005-03-10,0.390
2005-03-11,0.390
2005-03-12,0.390
2005-03-13,0.390
2005-03-14,0.400
2005-03-15,0.380
2005-03-16,0.410
2005-03-17,0.545
2005-03-18,3.230
2005-03-19,6.200
2005-03-20,4.975
2005-03-21,3.350
2005-03-22,2.950
2005-03-23,2.950
2005-03-24,2.700
2005-03-25,3.000
2005-03-26,3.550
2005-03-27,4.095
2005-03-28,4.300
2005-03-29,3.960
2005-03-30,3.455
2005-03-31,2.950
2005-04-01,2.860
2005-04-02,2.770
2005-04-03,2.690
2005-04-04,2.530
2005-04-05,2.450
2005-04-06,3.050
2005-04-07,3.600
2005-04-08,3.450
2005-04-09,3.350
2005-04-10,3.875
2005-04-11,4.400
2005-04-12,3.775
2005-04-13,3.250
2005-04-14,3.450
2005-04-15,3.975
2005-04-16,4.705
2005-04-17,3.655
2005-04-18,3.350
2005-04-19,3.150
2005-04-20,2.770
2005-04-21,2.770
2005-04-22,3.150
2005-04-23,3.350
2005-04-24,3.250
2005-04-25,3.665
2005-04-26,4.180
2005-04-27,4.180
2005-04-28,4.070
2005-04-29,8.000
2005-04-30,8.000
2005-05-01,6.200
2005-05-02,4.290
2005-05-03,3.765
2005-05-04,3.350
2005-05-05,3.150
2005-05-06,3.050
2005-05-07,3.865
2005-05-08,4.290
2005-05-09,3.655
2005-05-10,3.350
2005-05-11,3.150
2005-05-12,2.820
2005-05-13,2.650
2005-05-14,2.610
2005-05-15,2.370
2005-05-16,2.370
2005-05-17,2.130
2005-05-18,2.130
2005-05-19,2.130
2005-05-20,2.130
2005-05-21,2.090
2005-05-22,2.050
2005-05-23,1.890
2005-05-24,1.810
2005-05-25,1.810
2005-05-26,1.810
2005-05-27,1.810
2005-05-28,1.770
2005-05-29,1.690
2005-05-30,1.650
2005-05-31,1.850
2005-06-01,2.050
2005-06-02,1.890
2005-06-03,1.810
2005-06-04,1.730
2005-06-05,1.510
2005-06-06,1.440
2005-06-07,1.510
2005-06-08,1.650
2005-06-09,4.375
2005-06-10,4.235
2005-06-11,3.050
2005-06-12,1.970
2005-06-13,1.970
2005-06-14,1.970
2005-06-15,2.050
2005-06-16,2.210
2005-06-17,1.970
2005-06-18,1.970
2005-06-19,2.290
2005-06-20,2.290
2005-06-21,2.290
2005-06-22,2.290
2005-06-23,2.130
2005-06-24,2.130
2005-06-25,1.970
2005-06-26,1.810
2005-06-27,1.890
2005-06-28,1.615
2005-06-29,1.580
2005-06-30,1.510
2005-07-01,1.510
2005-07-02,1.580
2005-07-03,2.690
2005-07-04,2.450
2005-07-05,2.090
2005-07-06,1.970
2005-07-07,1.970
2005-07-08,1.930
2005-07-09,2.090
2005-07-10,2.450
2005-07-11,2.450
2005-07-12,2.450
2005-07-13,2.450
2005-07-14,2.450
2005-07-15,4.450
2005-07-16,4.775
2005-07-17,2.950
2005-07-18,3.060
2005-07-19,2.490
2005-07-20,2.370
2005-07-21,2.290
2005-07-22,2.130
2005-07-23,1.970
2005-07-24,1.850
2005-07-25,1.810
2005-07-26,1.730
2005-07-27,1.615
2005-07-28,1.545
2005-07-29,1.475
2005-07-30,1.440
2005-07-31,1.440
2005-08-01,4.160
2005-08-02,3.050
2005-08-03,2.370
2005-08-04,2.720
2005-08-05,3.350
2005-08-06,3.120
2005-08-07,7.425
2005-08-08,10.350
2005-08-09,5.075
2005-08-10,3.775
2005-08-11,3.050
2005-08-12,2.780
2005-08-13,2.530
2005-08-14,2.370
2005-08-15,2.170
2005-08-16,2.050
2005-08-17,28.650
2005-08-18,31.850
2005-08-19,30.700
2005-08-20,20.250
2005-08-21,11.330
2005-08-22,7.470
2005-08-23,5.540
2005-08-24,4.500
2005-08-25,4.100
2005-08-26,3.550
2005-08-27,3.200
2005-08-28,3.530
2005-08-29,3.530
2005-08-30,4.710
2005-08-31,3.915
2005-09-01,3.365
2005-09-02,2.885
2005-09-03,2.500
2005-09-04,2.355
2005-09-05,2.140
2005-09-06,1.940
2005-09-07,1.815
2005-09-08,1.690
2005-09-09,1.630
2005-09-10,1.630
2005-09-11,1.565
2005-09-12,1.890
2005-09-13,2.140
2005-09-14,1.750
2005-09-15,1.410
2005-09-16,1.275
2005-09-17,1.230
2005-09-18,1.230
2005-09-19,1.880
2005-09-20,1.755
2005-09-21,1.520
2005-09-22,1.320
2005-09-23,1.275
2005-09-24,1.230
2005-09-25,1.185
2005-09-26,1.140
2005-09-27,1.140
2005-09-28,1.140
2005-09-29,1.095
2005-09-30,1.050
2005-10-01,1.020
2005-10-02,0.990
2005-10-03,0.990
2005-10-04,0.990
2005-10-05,0.960
2005-10-06,0.900
2005-10-07,0.870
2005-10-08,0.870
2005-10-09,0.870
2005-10-10,0.870
2005-10-11,0.870
2005-10-12,0.870
2005-10-13,0.870
2005-10-14,0.870
2005-10-15,0.870
2005-10-16,0.960
2005-10-17,1.320
2005-10-18,1.625
2005-10-19,1.940
2005-10-20,1.940
2005-10-21,1.880
2005-10-22,5.195
2005-10-23,10.540
2005-10-24,12.650
2005-10-25,13.600
2005-10-26,10.610
2005-10-27,6.210
2005-10-28,3.435
2005-10-29,2.425
2005-10-30,2.205
2005-10-31,2.130
2005-11-01,2.000
2005-11-02,1.755
2005-11-03,1.565
2005-11-04,1.500
2005-11-05,1.410
2005-11-06,1.320
2005-11-07,1.320
2005-11-08,1.320
2005-11-09,1.320
2005-11-10,1.320
2005-11-11,1.140
2005-11-12,1.140
2005-11-13,1.140
2005-11-14,1.095
2005-11-15,1.050
2005-11-16,1.050
2005-11-17,0.990
2005-11-18,0.990
2005-11-19,0.990
2005-11-20,0.990
2005-11-21,1.010
2005-11-22,1.020
2005-11-23,1.000
2005-11-24,0.990
2005-11-25,0.980
2005-11-26,0.970
2005-11-27,0.960
2005-11-28,1.100
2005-11-29,1.170
2005-11-30,1.120
2005-12-01,1.080
2005-12-02,1.000
2005-12-03,0.920
2005-12-04,0.920
2005-12-05,0.990
2005-12-06,0.970
2005-12-07,1.025
2005-12-08,1.070
2005-12-09,1.020
2005-12-10,0.990
2005-12-11,0.540
2005-12-12,0.495
2005-12-13,0.440
2005-12-14,0.655
2005-12-15,0.750
2005-12-16,0.750
2005-12-17,0.870
2005-12-18,0.760
2005-12-19,0.610
2005-12-20,0.570
2005-12-21,0.570
2005-12-22,0.570
2005-12-23,0.570
2005-12-24,0.670
2005-12-25,0.790
2005-12-26,0.810
2005-12-27,0.820
2005-12-28,0.775
2005-12-29,0.720
2005-12-30,0.720
2005-12-31,0.720
2006-01-01,0.720
2006-01-02,0.775
2006-01-03,0.830
2006-01-04,0.830
2006-01-05,0.830
2006-01-06,0.830
2006-01-07,0.830
2006-01-08,0.830
2006-01-09,0.830
2006-01-10,0.800
2006-01-11,0.770
2006-01-12,0.770
2006-01-13,0.770
2006-01-14,0.770
2006-01-15,0.770
2006-01-16,0.770
2006-01-17,0.770
2006-01-18,0.770
2006-01-19,0.770
2006-01-20,0.770
2006-01-21,0.770
2006-01-22,0.770
2006-01-23,0.720
2006-01-24,0.720
2006-01-25,0.720
2006-01-26,0.720
2006-01-27,0.720
2006-01-28,1.740
2006-01-29,0.720
2006-01-30,0.720
2006-01-31,0.720
2006-02-01,0.720
2006-02-02,0.720
2006-02-03,0.720
2006-02-04,0.720
2006-02-05,0.720
2006-02-06,0.720
2006-02-07,0.720
2006-02-08,0.720
2006-02-09,0.720
2006-02-10,0.720
2006-02-11,0.720
2006-02-12,0.720
2006-02-13,0.720
2006-02-14,0.720
2006-02-15,0.720
2006-02-16,0.720
2006-02-17,0.770
2006-02-18,0.770
2006-02-19,0.840
2006-02-20,0.910
2006-02-21,0.910
2006-02-22,0.910
2006-02-23,0.910
2006-02-24,0.980
2006-02-25,0.980
2006-02-26,0.980
2006-02-27,1.045
2006-02-28,1.110
2006-03-01,1.110
2006-03-02,1.110
2006-03-03,1.110
2006-03-04,1.205
2006-03-05,1.300
2006-03-06,1.300
2006-03-07,1.110
2006-03-08,1.130
2006-03-09,1.130
2006-03-10,1.070
2006-03-11,1.000
2006-03-12,1.020
2006-03-13,1.020
2006-03-14,0.955
2006-03-15,0.890
2006-03-16,0.900
2006-03-17,0.900
2006-03-18,0.910
2006-03-19,1.385
2006-03-20,1.850
2006-03-21,1.475
2006-03-22,2.035
2006-03-23,2.380
2006-03-24,2.410
2006-03-25,2.410
2006-03-26,2.800
2006-03-27,6.570
2006-03-28,14.627
2006-03-29,10.100
2006-03-30,11.950
2006-03-31,11.950
2006-04-01,12.650
2006-04-02,13.350
2006-04-03,9.220
2006-04-04,9.440
2006-04-05,11.200
2006-04-06,11.200
2006-04-07,7.460
2006-04-08,4.950
2006-04-09,3.120
2006-04-10,3.440
2006-04-11,4.760
2006-04-12,6.610
2006-04-13,6.800
2006-04-14,6.420
2006-04-15,6.610
2006-04-16,6.800
2006-04-17,6.420
2006-04-18,6.230
2006-04-19,6.420
2006-04-20,5.660
2006-04-21,5.090
2006-04-22,6.420
2006-04-23,6.040
2006-04-24,5.090
2006-04-25,4.330
2006-04-26,3.960
2006-04-27,3.355
2006-04-28,3.270
2006-04-29,3.790
2006-04-30,3.045
2006-05-01,2.500
2006-05-02,2.225
2006-05-03,1.975
2006-05-04,1.785
2006-05-05,1.720
2006-05-06,2.435
2006-05-07,2.650
2006-05-08,2.650
2006-05-09,2.725
2006-05-10,2.575
2006-05-11,2.350
2006-05-12,2.160
2006-05-13,1.910
2006-05-14,1.785
2006-05-15,1.720
2006-05-16,1.610
2006-05-17,1.610
2006-05-18,2.425
2006-05-19,2.350
2006-05-20,2.160
2006-05-21,1.970
2006-05-22,1.845
2006-05-23,1.720
2006-05-24,1.720
2006-05-25,14.150
2006-05-26,6.400
2006-05-27,5.660
2006-05-28,7.680
2006-05-29,7.520
2006-05-30,6.040
2006-05-31,10.300
2006-06-01,7.710
2006-06-02,11.800
2006-06-03,14.100
2006-06-04,11.900
2006-06-05,21.200
2006-06-06,14.550
2006-06-07,8.810
2006-06-08,5.660
2006-06-09,4.520
2006-06-10,5.660
2006-06-11,4.900
2006-06-12,3.960
2006-06-13,3.525
2006-06-14,3.100
2006-06-15,9.220
2006-06-16,14.850
2006-06-17,9.310
2006-06-18,6.230
2006-06-19,5.090
2006-06-20,4.150
2006-06-21,3.440
2006-06-22,2.950
2006-06-23,2.650
2006-06-24,3.320
2006-06-25,3.440
2006-06-26,3.440
2006-06-27,2.950
2006-06-28,2.800
2006-06-29,3.100
2006-06-30,6.050
2006-07-01,8.560
2006-07-02,12.150
2006-07-03,6.830
2006-07-04,5.660
2006-07-05,4.900
2006-07-06,3.980
2006-07-07,3.270
2006-07-08,2.950
2006-07-09,2.650
2006-07-10,2.095
2006-07-11,1.845
2006-07-12,3.120
2006-07-13,3.100
2006-07-14,3.440
2006-07-15,9.000
2006-07-16,6.510
2006-07-17,9.250
2006-07-18,10.140
2006-07-19,5.470
2006-07-20,4.340
2006-07-21,3.440
2006-07-22,2.950
2006-07-23,2.510
2006-07-24,2.095
2006-07-25,1.970
2006-07-26,1.970
2006-07-27,1.970
2006-07-28,1.850
2006-07-29,1.850
2006-07-30,1.850
2006-07-31,1.785
2006-08-01,1.720
2006-08-02,1.720
2006-08-03,1.720
2006-08-04,1.850
2006-08-05,5.645
2006-08-06,3.620
2006-08-07,3.620
2006-08-08,2.950
2006-08-09,2.875
2006-08-10,3.850
2006-08-11,14.550
2006-08-12,11.080
2006-08-13,6.350
2006-08-14,4.140
2006-08-15,3.195
2006-08-16,2.800
2006-08-17,2.500
2006-08-18,2.350
2006-08-19,2.285
2006-08-20,1.970
2006-08-21,2.035
2006-08-22,2.100
2006-08-23,2.160
2006-08-24,2.220
2006-08-25,1.845
2006-08-26,1.720
2006-08-27,2.335
2006-08-28,2.950
2006-08-29,3.450
2006-08-30,3.780
2006-08-31,2.950
2006-09-01,2.800
2006-09-02,2.800
2006-09-03,2.725
2006-09-04,2.500
2006-09-05,2.350
2006-09-06,2.225
2006-09-07,2.100
2006-09-08,2.600
2006-09-09,2.660
2006-09-10,2.095
2006-09-11,1.845
2006-09-12,1.665
2006-09-13,1.555
2006-09-14,1.440
2006-09-15,1.380
2006-09-16,1.380
2006-09-17,1.380
2006-09-18,1.325
2006-09-19,1.270
2006-09-20,1.270
2006-09-21,1.845
2006-09-22,1.665
2006-09-23,1.555
2006-09-24,1.500
2006-09-25,1.440
2006-09-26,1.380
2006-09-27,1.380
2006-09-28,1.325
2006-09-29,1.270
2006-09-30,1.270
2006-10-01,1.215
2006-10-02,1.105
2006-10-03,1.050
2006-10-04,0.995
2006-10-05,0.940
2006-10-06,0.940
2006-10-07,0.940
2006-10-08,0.940
2006-10-09,0.940
2006-10-10,0.880
2006-10-11,0.820
2006-10-12,0.820
2006-10-13,0.820
2006-10-14,0.820
2006-10-15,0.820
2006-10-16,1.720
2006-10-17,1.495
2006-10-18,1.160
2006-10-19,1.160
2006-10-20,1.050
2006-10-21,1.050
2006-10-22,1.050
2006-10-23,0.820
2006-10-24,0.820
2006-10-25,0.820
2006-10-26,0.820
2006-10-27,0.820
2006-10-28,0.820
2006-10-29,0.820
2006-10-30,1.720
2006-10-31,1.105
2006-11-01,0.820
2006-11-02,0.820
2006-11-03,0.895
2006-11-04,1.010
2006-11-05,1.105
2006-11-06,1.050
2006-11-07,1.435
2006-11-08,1.970
2006-11-09,1.720
2006-11-10,1.720
2006-11-11,1.495
2006-11-12,1.160
2006-11-13,1.050
2006-11-14,1.050
2006-11-15,1.050
2006-11-16,1.050
2006-11-17,1.050
2006-11-18,1.050
2006-11-19,1.050
2006-11-20,1.050
2006-11-21,0.995
2006-11-22,0.940
2006-11-23,0.940
2006-11-24,0.940
2006-11-25,0.880
2006-11-26,0.820
2006-11-27,0.820
2006-11-28,0.820
2006-11-29,0.820
2006-11-30,0.820
2006-12-01,0.820
2006-12-02,0.680
2006-12-03,0.580
2006-12-04,0.580
2006-12-05,0.710
2006-12-06,0.880
2006-12-07,0.940
2006-12-08,0.940
2006-12-09,0.770
2006-12-10,0.590
2006-12-11,0.590
2006-12-12,0.590
2006-12-13,0.600
2006-12-14,0.710
2006-12-15,0.820
2006-12-16,0.820
2006-12-17,0.820
2006-12-18,0.820
2006-12-19,0.710
2006-12-20,0.575
2006-12-21,0.550
2006-12-22,0.630
2006-12-23,0.710
2006-12-24,0.710
2006-12-25,0.535
2006-12-26,0.380
2006-12-27,0.345
2006-12-28,0.320
2006-12-29,0.310
2006-12-30,0.300
2006-12-31,0.300
2007-01-01,0.300
2007-01-02,0.300
2007-01-03,0.300
2007-01-04,0.300
2007-01-05,0.300
2007-01-06,0.300
2007-01-07,0.300
2007-01-08,0.300
2007-01-09,0.335
2007-01-10,0.380
2007-01-11,0.400
2007-01-12,0.430
2007-01-13,0.635
2007-01-14,0.860
2007-01-15,1.050
2007-01-16,1.105
2007-01-17,1.160
2007-01-18,0.940
2007-01-19,2.105
2007-01-20,2.885
2007-01-21,1.270
2007-01-22,1.270
2007-01-23,1.385
2007-01-24,1.500
2007-01-25,1.500
2007-01-26,1.275
2007-01-27,0.745
2007-01-28,0.510
2007-01-29,0.490
2007-01-30,0.410
2007-01-31,0.410
2007-02-01,0.410
2007-02-02,0.445
2007-02-03,0.480
2007-02-04,0.480
2007-02-05,0.480
2007-02-06,0.480
2007-02-07,0.480
2007-02-08,0.575
2007-02-09,0.670
2007-02-10,0.690
2007-02-11,1.095
2007-02-12,1.620
2007-02-13,1.770
2007-02-14,2.355
2007-02-15,2.950
2007-02-16,2.610
2007-02-17,2.220
2007-02-18,2.160
2007-02-19,2.100
2007-02-20,1.845
2007-02-21,1.720
2007-02-22,1.665
2007-02-23,1.500
2007-02-24,1.500
2007-02-25,1.295
2007-02-26,1.240
2007-02-27,1.240
2007-02-28,1.345
2007-03-01,1.610
2007-03-02,1.720
2007-03-03,2.535
2007-03-04,3.100
2007-03-05,2.800
2007-03-06,2.500
2007-03-07,2.360
2007-03-08,2.220
2007-03-09,3.000
2007-03-10,3.780
2007-03-11,3.695
2007-03-12,3.780
2007-03-13,4.520
2007-03-14,4.520
2007-03-15,3.620
2007-03-16,3.100
2007-03-17,2.800
2007-03-18,2.500
2007-03-19,2.500
2007-03-20,2.425
2007-03-21,2.725
2007-03-22,5.280
2007-03-23,5.660
2007-03-24,6.040
2007-03-25,6.040
2007-03-26,5.850
2007-03-27,5.280
2007-03-28,4.340
2007-03-29,3.525
2007-03-30,3.185
2007-03-31,2.725
2007-04-01,2.650
2007-04-02,2.575
2007-04-03,2.360
2007-04-04,2.285
2007-04-05,2.285
2007-04-06,2.220
2007-04-07,2.220
2007-04-08,1.970
2007-04-09,1.845
2007-04-10,1.720
2007-04-11,1.720
2007-04-12,1.500
2007-04-13,1.500
2007-04-14,1.500
2007-04-15,1.500
2007-04-16,1.500
2007-04-17,1.440
2007-04-18,1.550
2007-04-19,2.510
2007-04-20,1.970
2007-04-21,1.970
2007-04-22,1.845
2007-04-23,1.720
2007-04-24,1.720
2007-04-25,1.720
2007-04-26,1.970
2007-04-27,1.845
2007-04-28,1.720
2007-04-29,1.925
2007-04-30,2.225
2007-05-01,2.100
2007-05-02,2.100
2007-05-03,1.845
2007-05-04,1.610
2007-05-05,1.500
2007-05-06,1.610
2007-05-07,1.610
2007-05-08,2.350
2007-05-09,4.950
2007-05-10,9.220
2007-05-11,7.490
2007-05-12,4.520
2007-05-13,3.790
2007-05-14,2.660
2007-05-15,2.095
2007-05-16,1.720
2007-05-17,2.500
2007-05-18,3.120
2007-05-19,2.650
2007-05-20,2.235
2007-05-21,1.845
2007-05-22,1.720
2007-05-23,1.720
2007-05-24,2.225
2007-05-25,10.470
2007-05-26,9.670
2007-05-27,6.360
2007-05-28,5.010
2007-05-29,3.990
2007-05-30,6.595
2007-05-31,10.340
2007-06-01,10.120
2007-06-02,13.350
2007-06-03,10.390
2007-06-04,6.360
2007-06-05,5.045
2007-06-06,3.990
2007-06-07,3.390
2007-06-08,3.140
2007-06-09,2.820
2007-06-10,2.520
2007-06-11,2.295
2007-06-12,2.370
2007-06-13,2.235
2007-06-14,1.975
2007-06-15,1.725
2007-06-16,2.285
2007-06-17,3.480
2007-06-18,3.405
2007-06-19,2.520
2007-06-20,1.970
2007-06-21,1.720
2007-06-22,1.600
2007-06-23,1.600
2007-06-24,1.975
2007-06-25,1.725
2007-06-26,1.540
2007-06-27,1.365
2007-06-28,1.250
2007-06-29,1.365
2007-06-30,1.480
2007-07-01,1.365
2007-07-02,1.250
2007-07-03,1.195
2007-07-04,1.140
2007-07-05,8.120
2007-07-06,3.835
2007-07-07,2.820
2007-07-08,2.110
2007-07-09,1.610
2007-07-10,1.140
2007-07-11,2.505
2007-07-12,3.815
2007-07-13,2.840
2007-07-14,2.520
2007-07-15,2.385
2007-07-16,1.850
2007-07-17,1.485
2007-07-18,1.310
2007-07-19,1.195
2007-07-20,1.140
2007-07-21,1.080
2007-07-22,1.020
2007-07-23,1.020
2007-07-24,1.020
2007-07-25,1.135
2007-07-26,0.980
2007-07-27,0.895
2007-07-28,0.850
2007-07-29,0.850
2007-07-30,1.285
2007-07-31,3.990
2007-08-01,2.840
2007-08-02,0.940
2007-08-03,0.895
2007-08-04,1.225
2007-08-05,2.580
2007-08-06,2.620
2007-08-07,1.370
2007-08-08,1.140
2007-08-09,1.725
2007-08-10,1.600
2007-08-11,2.285
2007-08-12,2.345
2007-08-13,1.600
2007-08-14,1.660
2007-08-15,2.235
2007-08-16,1.725
2007-08-17,1.425
2007-08-18,1.425
2007-08-19,1.850
2007-08-20,1.910
2007-08-21,1.600
2007-08-22,1.600
2007-08-23,1.600
2007-08-24,1.540
2007-08-25,3.550
2007-08-26,4.085
2007-08-27,2.520
2007-08-28,2.295
2007-08-29,2.035
2007-08-30,2.100
2007-08-31,2.100
2007-09-01,2.035
2007-09-02,1.845
2007-09-03,1.720
2007-09-04,1.600
2007-09-05,1.985
2007-09-06,12.420
2007-09-07,8.120
2007-09-08,7.900
2007-09-09,7.020
2007-09-10,6.360
2007-09-11,6.360
2007-09-12,11.100
2007-09-13,11.900
2007-09-14,9.900
2007-09-15,7.900
2007-09-16,5.395
2007-09-17,3.815
2007-09-18,3.475
2007-09-19,3.310
2007-09-20,3.140
2007-09-21,3.140
2007-09-22,3.055
2007-09-23,2.820
2007-09-24,2.595
2007-09-25,2.370
2007-09-26,2.235
2007-09-27,2.100
2007-09-28,2.035
2007-09-29,1.785
2007-09-30,1.720
2007-10-01,1.720
2007-10-02,1.600
2007-10-03,1.600
2007-10-04,1.540
2007-10-05,1.480
2007-10-06,2.220
2007-10-07,2.095
2007-10-08,1.785
2007-10-09,1.720
2007-10-10,1.600
2007-10-11,1.480
2007-10-12,1.480
2007-10-13,1.850
2007-10-14,1.540
2007-10-15,1.480
2007-10-16,1.425
2007-10-17,1.370
2007-10-18,1.310
2007-10-19,1.550
2007-10-20,1.725
2007-10-21,1.600
2007-10-22,1.600
2007-10-23,4.340
2007-10-24,8.360
2007-10-25,8.580
2007-10-26,5.175
2007-10-27,3.565
2007-10-28,2.905
2007-10-29,2.595
2007-10-30,2.445
2007-10-31,2.295
2007-11-01,2.990
2007-11-02,3.990
2007-11-03,3.310
2007-11-04,3.475
2007-11-05,3.815
2007-11-06,3.305
2007-11-07,2.970
2007-11-08,2.970
2007-11-09,2.820
2007-11-10,2.820
2007-11-11,2.670
2007-11-12,2.520
2007-11-13,2.295
2007-11-14,2.160
2007-11-15,2.020
2007-11-16,2.100
2007-11-17,1.740
2007-11-18,1.680
2007-11-19,1.580
2007-11-20,1.380
2007-11-21,1.280
2007-11-22,1.480
2007-11-23,2.000
2007-11-24,2.670
2007-11-25,3.070
2007-11-26,3.470
2007-11-27,3.470
2007-11-28,3.220
2007-11-29,1.980
2007-11-30,1.680
2007-12-01,1.910
2007-12-02,2.140
2007-12-03,2.020
2007-12-04,1.900
2007-12-05,1.840
2007-12-06,1.780
2007-12-07,1.960
2007-12-08,2.140
2007-12-09,2.520
2007-12-10,2.235
2007-12-11,2.100
2007-12-12,2.370
2007-12-13,2.235
2007-12-14,2.100
2007-12-15,2.000
2007-12-16,1.910
2007-12-17,1.720
2007-12-18,1.540
2007-12-19,1.480
2007-12-20,1.420
2007-12-21,1.260
2007-12-22,1.300
2007-12-23,1.260
2007-12-24,1.180
2007-12-25,1.100
2007-12-26,1.070
2007-12-27,1.090
2007-12-28,1.110
2007-12-29,1.090
2007-12-30,1.090
2007-12-31,1.090
2008-01-01,1.090
2008-01-02,1.090
2008-01-03,1.090
2008-01-04,1.090
2008-01-05,0.950
2008-01-06,0.705
2008-01-07,0.575
2008-01-08,0.550
2008-01-09,0.550
2008-01-10,0.670
2008-01-11,0.790
2008-01-12,0.860
2008-01-13,0.910
2008-01-14,0.910
2008-01-15,0.910
2008-01-16,0.900
2008-01-17,0.970
2008-01-18,0.970
2008-01-19,0.835
2008-01-20,1.050
2008-01-21,2.445
2008-01-22,3.380
2008-01-23,3.260
2008-01-24,2.445
2008-01-25,1.600
2008-01-26,1.520
2008-01-27,1.360
2008-01-28,1.280
2008-01-29,1.205
2008-01-30,1.095
2008-01-31,1.060
2008-02-01,1.060
2008-02-02,0.960
2008-02-03,0.860
2008-02-04,0.915
2008-02-05,0.950
2008-02-06,1.030
2008-02-07,1.215
2008-02-08,1.710
2008-02-09,2.070
2008-02-10,1.915
2008-02-11,1.545
2008-02-12,1.400
2008-02-13,1.320
2008-02-14,1.165
2008-02-15,1.090
2008-02-16,1.090
2008-02-17,1.035
2008-02-18,0.925
2008-02-19,0.900
2008-02-20,0.920
2008-02-21,0.895
2008-02-22,0.890
2008-02-23,1.380
2008-02-24,1.870
2008-02-25,2.065
2008-02-26,2.675
2008-02-27,4.085
2008-02-28,5.610
2008-02-29,4.455
2008-03-01,3.640
2008-03-02,4.900
2008-03-03,4.255
2008-03-04,3.810
2008-03-05,3.900
2008-03-06,3.480
2008-03-07,2.970
2008-03-08,3.140
2008-03-09,3.140
2008-03-10,2.970
2008-03-11,2.820
2008-03-12,2.670
2008-03-13,2.970
2008-03-14,2.970
2008-03-15,2.970
2008-03-16,2.520
2008-03-17,2.370
2008-03-18,2.295
2008-03-19,2.370
2008-03-20,2.235
2008-03-21,2.100
2008-03-22,2.100
2008-03-23,2.100
2008-03-24,2.385
2008-03-25,3.390
2008-03-26,2.160
2008-03-27,1.850
2008-03-28,1.600
2008-03-29,1.600
2008-03-30,1.600
2008-03-31,1.600
2008-04-01,1.910
2008-04-02,2.220
2008-04-03,2.220
2008-04-04,3.960
2008-04-05,10.700
2008-04-06,9.330
2008-04-07,7.130
2008-04-08,6.140
2008-04-09,5.200
2008-04-10,4.700
2008-04-11,4.345
2008-04-12,3.990
2008-04-13,4.165
2008-04-14,3.565
2008-04-15,4.970
2008-04-16,6.580
2008-04-17,5.510
2008-04-18,4.900
2008-04-19,4.345
2008-04-20,3.815
2008-04-21,3.475
2008-04-22,4.205
2008-04-23,7.900
2008-04-24,7.460
2008-04-25,5.510
2008-04-26,4.900
2008-04-27,4.700
2008-04-28,4.345
2008-04-29,3.990
2008-04-30,3.725
2008-05-01,3.810
2008-05-02,3.900
2008-05-03,3.990
2008-05-04,4.345
2008-05-05,4.345
2008-05-06,3.815
2008-05-07,3.475
2008-05-08,3.475
2008-05-09,3.640
2008-05-10,3.815
2008-05-11,3.990
2008-05-12,3.900
2008-05-13,3.640
2008-05-14,3.470
2008-05-15,3.390
2008-05-16,3.140
2008-05-17,3.310
2008-05-18,3.310
2008-05-19,3.140
2008-05-20,4.340
2008-05-21,4.520
2008-05-22,9.150
2008-05-23,10.750
2008-05-24,8.110
2008-05-25,5.920
2008-05-26,4.955
2008-05-27,3.390
2008-05-28,3.140
2008-05-29,2.670
2008-05-30,2.370
2008-05-31,2.295
2008-06-01,2.220
2008-06-02,2.095
2008-06-03,1.845
2008-06-04,1.720
2008-06-05,1.970
2008-06-06,2.370
2008-06-07,2.035
2008-06-08,1.660
2008-06-09,1.850
2008-06-10,1.975
2008-06-11,1.785
2008-06-12,3.030
2008-06-13,4.165
2008-06-14,3.990
2008-06-15,3.815
2008-06-16,3.155
2008-06-17,2.135
2008-06-18,1.850
2008-06-19,2.670
2008-06-20,2.370
2008-06-21,2.295
2008-06-22,2.035
2008-06-23,1.850
2008-06-24,4.545
2008-06-25,5.275
2008-06-26,3.140
2008-06-27,7.510
2008-06-28,9.000
2008-06-29,4.750
2008-06-30,2.905
2008-07-01,2.520
2008-07-02,2.235
2008-07-03,1.975
2008-07-04,1.850
2008-07-05,2.670
2008-07-06,1.985
2008-07-07,1.540
2008-07-08,1.480
2008-07-09,1.480
2008-07-10,1.850
2008-07-11,1.910
2008-07-12,1.660
2008-07-13,1.370
2008-07-14,1.155
2008-07-15,7.620
2008-07-16,7.057
2008-07-17,5.780
2008-07-18,5.395
2008-07-19,3.180
2008-07-20,2.170
2008-07-21,2.890
2008-07-22,3.390
2008-07-23,2.970
2008-07-24,14.897
2008-07-25,30.783
2008-07-26,69.500
2008-07-27,46.000
2008-07-28,17.000
2008-07-29,9.710
2008-07-30,6.545
2008-07-31,4.750
2008-08-01,4.190
2008-08-02,3.690
2008-08-03,3.330
2008-08-04,3.090
2008-08-05,2.850
2008-08-06,2.850
2008-08-07,2.850
2008-08-08,2.850
2008-08-09,2.610
2008-08-10,2.370
2008-08-11,2.370
2008-08-12,2.030
2008-08-13,1.920
2008-08-14,1.920
2008-08-15,3.690
2008-08-16,2.970
2008-08-17,2.145
2008-08-18,4.750
2008-08-19,2.985
2008-08-20,1.810
2008-08-21,1.700
2008-08-22,1.590
2008-08-23,1.480
2008-08-24,1.590
2008-08-25,1.810
2008-08-26,1.590
2008-08-27,1.480
2008-08-28,1.370
2008-08-29,1.260
2008-08-30,1.700
2008-08-31,1.700
2008-09-01,1.370
2008-09-02,1.260
2008-09-03,1.155
2008-09-04,1.000
2008-09-05,0.950
2008-09-06,0.950
2008-09-07,0.750
2008-09-08,1.115
2008-09-09,1.480
2008-09-10,1.265
2008-09-11,1.000
2008-09-12,2.490
2008-09-13,2.370
2008-09-14,1.050
2008-09-15,1.710
2008-09-16,2.850
2008-09-17,3.090
2008-09-18,3.810
2008-09-19,3.270
2008-09-20,4.750
2008-09-21,4.750
2008-09-22,3.330
2008-09-23,2.490
2008-09-24,2.490
2008-09-25,2.140
2008-09-26,2.140
2008-09-27,1.700
2008-09-28,1.700
2008-09-29,1.645
2008-09-30,1.590
2008-10-01,1.590
2008-10-02,1.535
2008-10-03,1.480
2008-10-04,1.480
2008-10-05,3.405
2008-10-06,6.600
2008-10-07,6.900
2008-10-08,6.035
2008-10-09,4.610
2008-10-10,3.210
2008-10-11,2.255
2008-10-12,2.030
2008-10-13,1.700
2008-10-14,1.700
2008-10-15,1.700
2008-10-16,1.590
2008-10-17,1.865
2008-10-18,2.255
2008-10-19,2.030
2008-10-20,1.810
2008-10-21,1.645
2008-10-22,1.535
2008-10-23,1.480
2008-10-24,1.480
2008-10-25,1.370
2008-10-26,1.260
2008-10-27,1.205
2008-10-28,1.150
2008-10-29,1.150
2008-10-30,1.150
2008-10-31,1.205
2008-11-01,1.150
2008-11-02,1.150
2008-11-03,1.050
2008-11-04,1.050
2008-11-05,1.000
2008-11-06,0.950
2008-11-07,0.950
2008-11-08,0.950
2008-11-09,0.950
2008-11-10,0.900
2008-11-11,0.850
2008-11-12,0.850
2008-11-13,0.800
2008-11-14,0.850
2008-11-15,0.950
2008-11-16,0.900
2008-11-17,0.850
2008-11-18,0.850
2008-11-19,0.900
2008-11-20,0.950
2008-11-21,1.150
2008-11-22,0.950
2008-11-23,1.000
2008-11-24,1.050
2008-11-25,1.050
2008-11-26,0.785
2008-11-27,0.690
2008-11-28,0.650
2008-11-29,0.690
2008-11-30,0.730
2008-12-01,0.730
2008-12-02,0.730
2008-12-03,0.775
2008-12-04,0.830
2008-12-05,0.880
2008-12-06,0.980
2008-12-07,1.050
2008-12-08,1.100
2008-12-09,1.150
2008-12-10,1.120
2008-12-11,1.100
2008-12-12,1.090
2008-12-13,1.090
2008-12-14,1.080
2008-12-15,0.975
2008-12-16,0.870
2008-12-17,0.825
2008-12-18,0.770
2008-12-19,0.905
2008-12-20,1.040
2008-12-21,1.130
2008-12-22,1.130
2008-12-23,0.995
2008-12-24,0.880
2008-12-25,0.830
2008-12-26,0.800
2008-12-27,0.740
2008-12-28,0.660
2008-12-29,0.560
2008-12-30,0.490
2008-12-31,0.445
2009-01-01,0.400
2009-01-02,0.390
2009-01-03,0.390
2009-01-04,0.390
2009-01-05,0.415
2009-01-06,0.440
2009-01-07,0.460
2009-01-08,0.480
2009-01-09,0.505
2009-01-10,0.530
2009-01-11,0.530
2009-01-12,0.530
2009-01-13,0.565
2009-01-14,0.590
2009-01-15,0.640
2009-01-16,0.640
2009-01-17,0.640
2009-01-18,0.640
2009-01-19,0.660
2009-01-20,0.605
2009-01-21,0.550
2009-01-22,0.550
2009-01-23,0.600
2009-01-24,0.600
2009-01-25,0.670
2009-01-26,0.670
2009-01-27,0.730
2009-01-28,0.730
2009-01-29,0.780
2009-01-30,0.780
2009-01-31,0.870
2009-02-01,0.920
2009-02-02,1.040
2009-02-03,1.135
2009-02-04,1.125
2009-02-05,1.140
2009-02-06,1.650
2009-02-07,2.370
2009-02-08,2.430
2009-02-09,2.370
2009-02-10,2.490
2009-02-11,2.030
2009-02-12,1.920
2009-02-13,1.920
2009-02-14,1.700
2009-02-15,1.590
2009-02-16,1.320
2009-02-17,1.260
2009-02-18,1.210
2009-02-19,1.200
2009-02-20,1.140
2009-02-21,1.010
2009-02-22,0.965
2009-02-23,0.880
2009-02-24,0.840
2009-02-25,0.840
2009-02-26,0.800
2009-02-27,0.760
2009-02-28,0.760
2009-03-01,0.760
2009-03-02,0.720
2009-03-03,0.680
2009-03-04,0.680
2009-03-05,0.845
2009-03-06,1.230
2009-03-07,1.470
2009-03-08,1.380
2009-03-09,1.320
2009-03-10,1.275
2009-03-11,1.230
2009-03-12,1.315
2009-03-13,1.260
2009-03-14,1.260
2009-03-15,1.150
2009-03-16,1.150
2009-03-17,1.205
2009-03-18,1.260
2009-03-19,1.315
2009-03-20,1.480
2009-03-21,1.480
2009-03-22,1.810
2009-03-23,1.920
2009-03-24,1.700
2009-03-25,1.590
2009-03-26,1.480
2009-03-27,1.480
2009-03-28,1.590
2009-03-29,1.700
2009-03-30,4.980
2009-03-31,7.430
2009-04-01,5.730
2009-04-02,5.450
2009-04-03,5.170
2009-04-04,5.170
2009-04-05,5.450
2009-04-06,5.310
2009-04-07,4.680
2009-04-08,4.400
2009-04-09,4.070
2009-04-10,3.750
2009-04-11,3.330
2009-04-12,5.450
2009-04-13,4.890
2009-04-14,3.950
2009-04-15,3.270
2009-04-16,2.850
2009-04-17,2.145
2009-04-18,1.700
2009-04-19,1.480
2009-04-20,1.480
2009-04-21,1.425
2009-04-22,1.370
2009-04-23,1.480
2009-04-24,1.480
2009-04-25,1.260
2009-04-26,1.205
2009-04-27,1.150
2009-04-28,1.100
2009-04-29,0.950
2009-04-30,0.950
2009-05-01,0.950
2009-05-02,0.850
2009-05-03,0.850
2009-05-04,0.850
2009-05-05,0.850
2009-05-06,1.050
2009-05-07,1.265
2009-05-08,1.050
2009-05-09,0.950
2009-05-10,0.950
2009-05-11,0.950
2009-05-12,2.140
2009-05-13,3.210
2009-05-14,2.850
2009-05-15,2.035
2009-05-16,1.055
2009-05-17,0.850
2009-05-18,0.750
2009-05-19,0.955
2009-05-20,1.205
2009-05-21,1.000
2009-05-22,0.850
2009-05-23,0.850
2009-05-24,0.750
2009-05-25,0.650
2009-05-26,0.615
2009-05-27,0.580
2009-05-28,0.715
2009-05-29,2.230
2009-05-30,3.270
2009-05-31,5.525
2009-06-01,3.090
2009-06-02,3.390
2009-06-03,3.570
2009-06-04,3.810
2009-06-05,2.795
2009-06-06,1.920
2009-06-07,1.700
2009-06-08,1.315
2009-06-09,1.000
2009-06-10,0.850
2009-06-11,1.160
2009-06-12,1.920
2009-06-13,2.850
2009-06-14,2.265
2009-06-15,1.810
2009-06-16,1.590
2009-06-17,1.590
2009-06-18,1.700
2009-06-19,1.265
2009-06-20,0.950
2009-06-21,0.850
2009-06-22,0.850
2009-06-23,1.000
2009-06-24,2.055
2009-06-25,2.165
2009-06-26,1.480
2009-06-27,1.590
2009-06-28,2.255
2009-06-29,1.920
2009-06-30,1.315
2009-07-01,1.050
2009-07-02,0.950
2009-07-03,2.920
2009-07-04,3.210
2009-07-05,2.370
2009-07-06,2.035
2009-07-07,1.260
2009-07-08,1.205
2009-07-09,1.150
2009-07-10,1.150
2009-07-11,2.600
2009-07-12,5.450
2009-07-13,4.430
2009-07-14,1.920
2009-07-15,1.425
2009-07-16,1.100
2009-07-17,1.000
2009-07-18,0.900
2009-07-19,0.850
2009-07-20,0.850
2009-07-21,0.800
2009-07-22,0.750
2009-07-23,0.700
2009-07-24,0.650
2009-07-25,0.650
2009-07-26,0.650
2009-07-27,0.650
2009-07-28,0.615
2009-07-29,0.580
2009-07-30,0.580
2009-07-31,0.545
2009-08-01,0.510
2009-08-02,0.510
2009-08-03,0.510
2009-08-04,0.510
2009-08-05,0.510
2009-08-06,1.225
2009-08-07,1.870
2009-08-08,1.155
2009-08-09,0.950
2009-08-10,0.850
2009-08-11,0.750
2009-08-12,0.650
2009-08-13,0.850
2009-08-14,0.800
2009-08-15,0.750
2009-08-16,0.700
2009-08-17,0.650
2009-08-18,0.580
2009-08-19,0.545
2009-08-20,0.510
2009-08-21,0.475
2009-08-22,0.440
2009-08-23,0.440
2009-08-24,0.440
2009-08-25,0.440
2009-08-26,0.440
2009-08-27,0.440
2009-08-28,0.510
2009-08-29,0.580
2009-08-30,0.815
2009-08-31,0.700
2009-09-01,0.650
2009-09-02,0.615
2009-09-03,0.545
2009-09-04,0.510
2009-09-05,0.580
2009-09-06,0.545
2009-09-07,0.510
2009-09-08,0.510
2009-09-09,0.510
2009-09-10,0.510
2009-09-11,0.510
2009-09-12,0.510
2009-09-13,0.440
2009-09-14,0.440
2009-09-15,0.440
2009-09-16,0.440
2009-09-17,0.440
2009-09-18,0.440
2009-09-19,0.440
2009-09-20,0.440
2009-09-21,0.440
2009-09-22,0.440
2009-09-23,0.440
2009-09-24,0.405
2009-09-25,0.370
2009-09-26,0.370
2009-09-27,0.370
2009-09-28,0.370
2009-09-29,0.370
2009-09-30,0.475
2009-10-01,0.545
2009-10-02,0.580
2009-10-03,0.510
2009-10-04,0.440
2009-10-05,0.440
2009-10-06,0.405
2009-10-07,0.370
2009-10-08,0.370
2009-10-09,0.405
2009-10-10,1.560
2009-10-11,1.730
2009-10-12,1.175
2009-10-13,1.395
2009-10-14,3.690
2009-10-15,2.515
2009-10-16,1.275
2009-10-17,0.750
2009-10-18,0.650
2009-10-19,0.750
2009-10-20,4.330
2009-10-21,4.330
2009-10-22,2.765
2009-10-23,1.260
2009-10-24,1.050
2009-10-25,1.050
2009-10-26,0.950
2009-10-27,1.055
2009-10-28,1.590
2009-10-29,1.370
2009-10-30,1.105
2009-10-31,0.950
2009-11-01,0.950
2009-11-02,0.850
2009-11-03,0.650
2009-11-04,0.650
2009-11-05,0.650
2009-11-06,0.650
2009-11-07,0.750
2009-11-08,0.650
2009-11-09,0.650
2009-11-10,0.650
2009-11-11,0.750
2009-11-12,0.750
2009-11-13,0.700
2009-11-14,0.580
2009-11-15,0.665
2009-11-16,0.750
2009-11-17,0.750
2009-11-18,0.700
2009-11-19,0.650
2009-11-20,0.650
2009-11-21,0.615
2009-11-22,0.580
2009-11-23,0.580
2009-11-24,0.580
2009-11-25,0.580
2009-11-26,0.580
2009-11-27,0.545
2009-11-28,0.510
2009-11-29,0.750
2009-11-30,0.665
2009-12-01,0.580
2009-12-02,0.545
2009-12-03,0.510
2009-12-04,0.510
2009-12-05,0.510
2009-12-06,0.475
2009-12-07,0.440
2009-12-08,0.440
2009-12-09,0.440
2009-12-10,0.440
2009-12-11,0.440
2009-12-12,0.440
2009-12-13,0.330
2009-12-14,0.300
2009-12-15,0.280
2009-12-16,0.270
2009-12-17,0.260
2009-12-18,0.235
2009-12-19,0.210
2009-12-20,0.210
2009-12-21,0.210
2009-12-22,0.210
2009-12-23,0.210
2009-12-24,0.700
2009-12-25,1.300
2009-12-26,2.140
2009-12-27,2.730
2009-12-28,1.530
2009-12-29,1.040
2009-12-30,0.860
2009-12-31,0.770
2010-01-01,1.160
2010-01-02,1.700
2010-01-03,1.590
2010-01-04,1.440
2010-01-05,1.205
2010-01-06,0.920
2010-01-07,0.850
2010-01-08,0.830
2010-01-09,0.765
2010-01-10,0.700
2010-01-11,0.680
2010-01-12,0.690
2010-01-13,0.710
2010-01-14,0.680
2010-01-15,0.600
2010-01-16,0.510
2010-01-17,0.490
2010-01-18,0.470
2010-01-19,0.460
2010-01-20,0.380
2010-01-21,0.380
2010-01-22,0.360
2010-01-23,0.360
2010-01-24,0.360
2010-01-25,0.350
2010-01-26,0.350
2010-01-27,0.340
2010-01-28,0.325
2010-01-29,0.310
2010-01-30,0.310
2010-01-31,0.310
2010-02-01,0.310
2010-02-02,0.310
2010-02-03,0.310
2010-02-04,0.290
2010-02-05,0.270
2010-02-06,0.270
2010-02-07,0.270
2010-02-08,0.270
2010-02-09,0.270
2010-02-10,0.270
2010-02-11,0.270
2010-02-12,0.270
2010-02-13,0.270
2010-02-14,0.270
2010-02-15,0.270
2010-02-16,0.270
2010-02-17,0.280
2010-02-18,0.270
2010-02-19,0.280
2010-02-20,0.470
2010-02-21,0.680
2010-02-22,1.220
2010-02-23,1.810
2010-02-24,1.700
2010-02-25,1.700
2010-02-26,1.700
2010-02-27,1.865
2010-02-28,2.030
2010-03-01,2.610
2010-03-02,2.610
2010-03-03,2.610
2010-03-04,2.375
2010-03-05,1.920
2010-03-06,1.700
2010-03-07,1.480
2010-03-08,0.900
2010-03-09,0.830
2010-03-10,0.780
2010-03-11,0.740
2010-03-12,0.740
2010-03-13,0.740
2010-03-14,0.740
2010-03-15,0.700
2010-03-16,0.660
2010-03-17,0.660
2010-03-18,0.670
2010-03-19,0.720
2010-03-20,1.495
2010-03-21,2.495
2010-03-22,3.750
2010-03-23,3.570
2010-03-24,3.450
2010-03-25,3.270
2010-03-26,2.730
2010-03-27,2.490
2010-03-28,2.970
2010-03-29,3.210
2010-03-30,2.670
2010-03-31,2.140
2010-04-01,1.920
2010-04-02,1.700
2010-04-03,1.590
2010-04-04,1.370
2010-04-05,1.260
2010-04-06,1.700
2010-04-07,1.590
2010-04-08,1.480
2010-04-09,1.480
2010-04-10,1.590
2010-04-11,2.735
2010-04-12,3.030
2010-04-13,2.490
2010-04-14,2.150
2010-04-15,1.975
2010-04-16,2.310
2010-04-17,2.085
2010-04-18,1.590
2010-04-19,1.480
2010-04-20,1.480
2010-04-21,1.480
2010-04-22,1.755
2010-04-23,1.480
2010-04-24,1.370
2010-04-25,1.260
2010-04-26,1.100
2010-04-27,1.155
2010-04-28,1.480
2010-04-29,1.480
2010-04-30,1.260
2010-05-01,1.150
2010-05-02,1.100
2010-05-03,1.050
2010-05-04,1.050
2010-05-05,1.050
2010-05-06,0.950
2010-05-07,1.105
2010-05-08,1.370
2010-05-09,1.260
2010-05-10,1.205
2010-05-11,1.050
2010-05-12,1.215
2010-05-13,2.685
2010-05-14,2.260
2010-05-15,1.865
2010-05-16,2.490
2010-05-17,3.210
2010-05-18,11.490
2010-05-19,8.800
2010-05-20,9.320
2010-05-21,11.850
2010-05-22,12.400
2010-05-23,9.200
2010-05-24,5.755
2010-05-25,4.330
2010-05-26,3.690
2010-05-27,3.090
2010-05-28,2.850
2010-05-29,2.790
2010-05-30,2.790
2010-05-31,2.610
2010-06-01,2.255
2010-06-02,2.140
2010-06-03,4.150
2010-06-04,4.750
2010-06-05,3.590
2010-06-06,2.730
2010-06-07,2.430
2010-06-08,2.195
2010-06-09,1.920
2010-06-10,1.590
2010-06-11,1.535
2010-06-12,1.260
2010-06-13,4.365
2010-06-14,4.050
2010-06-15,4.560
2010-06-16,2.910
2010-06-17,3.950
2010-06-18,4.050
2010-06-19,3.330
2010-06-20,3.470
2010-06-21,3.530
2010-06-22,15.753
2010-06-23,15.783
2010-06-24,12.653
2010-06-25,7.580
2010-06-26,8.392
2010-06-27,17.233
2010-06-28,11.960
2010-06-29,31.450
2010-06-30,24.300
2010-07-01,9.500
2010-07-02,5.420
2010-07-03,5.420
2010-07-04,7.090
2010-07-05,6.140
2010-07-06,5.070
2010-07-07,5.580
2010-07-08,12.300
2010-07-09,8.710
2010-07-10,6.360
2010-07-11,5.070
2010-07-12,4.900
2010-07-13,4.475
2010-07-14,3.855
2010-07-15,3.350
2010-07-16,2.920
2010-07-17,2.750
2010-07-18,2.415
2010-07-19,2.250
2010-07-20,2.250
2010-07-21,2.360
2010-07-22,2.470
2010-07-23,2.470
2010-07-24,2.580
2010-07-25,3.280
2010-07-26,13.125
2010-07-27,27.367
2010-07-28,16.997
2010-07-29,5.925
2010-07-30,3.630
2010-07-31,2.865
2010-08-01,7.945
2010-08-02,9.020
2010-08-03,3.570
2010-08-04,3.740
2010-08-05,3.740
2010-08-06,2.580
2010-08-07,5.560
2010-08-08,3.160
2010-08-09,5.375
2010-08-10,5.655
2010-08-11,139.025
2010-08-12,32.150
2010-08-13,10.580
2010-08-14,4.450
2010-08-15,3.410
2010-08-16,2.805
2010-08-17,2.580
2010-08-18,2.470
2010-08-19,2.470
2010-08-20,2.360
2010-08-21,2.250
2010-08-22,2.250
2010-08-23,2.250
2010-08-24,2.250
2010-08-25,2.030
2010-08-26,1.920
2010-08-27,1.865
2010-08-28,1.810
2010-08-29,2.250
2010-08-30,2.360
2010-08-31,3.100
2010-09-01,3.280
2010-09-02,3.220
2010-09-03,2.925
2010-09-04,2.635
2010-09-05,2.580
2010-09-06,2.415
2010-09-07,2.305
2010-09-08,3.235
2010-09-09,3.790
2010-09-10,3.595
2010-09-11,3.160
2010-09-12,2.525
2010-09-13,2.030
2010-09-14,1.810
2010-09-15,1.665
2010-09-16,1.475
2010-09-17,1.475
2010-09-18,2.220
2010-09-19,3.355
2010-09-20,7.890
2010-09-21,5.050
2010-09-22,3.280
2010-09-23,3.040
2010-09-24,2.585
2010-09-25,2.250
2010-09-26,2.140
2010-09-27,1.975
2010-09-28,1.810
2010-09-29,1.710
2010-09-30,1.610
2010-10-01,1.610
2010-10-02,1.610
2010-10-03,1.565
2010-10-04,1.520
2010-10-05,1.475
2010-10-06,1.430
2010-10-07,1.385
2010-10-08,1.340
2010-10-09,1.340
2010-10-10,1.340
2010-10-11,1.295
2010-10-12,1.250
2010-10-13,1.250
2010-10-14,1.220
2010-10-15,1.190
2010-10-16,1.190
2010-10-17,1.190
2010-10-18,1.160
2010-10-19,1.325
2010-10-20,1.430
2010-10-21,1.865
2010-10-22,1.720
2010-10-23,1.520
2010-10-24,1.430
2010-10-25,1.295
2010-10-26,1.250
2010-10-27,1.220
2010-10-28,1.190
2010-10-29,1.190
2010-10-30,1.190
2010-10-31,1.160
2010-11-01,1.130
2010-11-02,1.100
2010-11-03,1.070
2010-11-04,1.070
2010-11-05,1.070
2010-11-06,1.070
2010-11-07,1.040
2010-11-08,1.010
2010-11-09,1.010
2010-11-10,1.100
2010-11-11,1.220
2010-11-12,1.190
2010-11-13,1.190
2010-11-14,1.070
2010-11-15,1.040
2010-11-16,1.010
2010-11-17,1.010
2010-11-18,1.010
2010-11-19,1.010
2010-11-20,1.010
2010-11-21,0.980
2010-11-22,0.950
2010-11-23,0.950
2010-11-24,1.070
2010-11-25,1.010
2010-11-26,1.010
2010-11-27,1.010
2010-11-28,1.010
2010-11-29,1.010
2010-11-30,1.010
2010-12-01,0.840
2010-12-02,0.770
2010-12-03,0.920
2010-12-04,1.290
2010-12-05,1.210
2010-12-06,1.115
2010-12-07,1.020
2010-12-08,1.295
2010-12-09,1.340
2010-12-10,1.255
2010-12-11,1.140
2010-12-12,1.440
2010-12-13,1.385
2010-12-14,1.260
2010-12-15,1.160
2010-12-16,1.105
2010-12-17,1.040
2010-12-18,1.085
2010-12-19,1.130
2010-12-20,1.130
2010-12-21,1.210
2010-12-22,1.330
2010-12-23,1.380
2010-12-24,2.045
2010-12-25,2.855
2010-12-26,2.925
2010-12-27,1.960
2010-12-28,1.290
2010-12-29,1.110
2010-12-30,1.285
2010-12-31,1.480
